Whether_to_accept_P1_offer_stage1,Offer_to_P1_if_rejected_proceed_to_stage2,Trial,HumanP1toAIP2stage1
False,60,1,0
False,60,2,0
False,40,3,0
False,60,4,0
False,60,5,0
False,60,6,0
False,40,7,0
False,40,8,0
False,60,9,0
False,60,10,0
False,40,11,0
False,40,12,0
False,60,13,0
False,40,14,0
False,60,15,0
False,40,16,0
False,60,17,0
False,40,18,0
False,40,19,0
False,60,20,0
False,60,1,1
False,40,2,1
False,60,3,1
False,60,4,1
False,60,5,1
False,60,6,1
False,60,7,1
False,40,8,1
False,60,9,1
False,60,10,1
False,60,11,1
False,60,12,1
False,60,13,1
False,60,14,1
False,60,15,1
False,60,16,1
False,40,17,1
False,40,18,1
False,40,19,1
False,60,20,1
False,60,1,2
False,60,2,2
False,60,3,2
False,60,4,2
False,40,5,2
False,60,6,2
False,40,7,2
False,60,8,2
False,60,9,2
False,60,10,2
False,60,11,2
False,60,12,2
False,60,13,2
False,60,14,2
False,40,15,2
False,60,16,2
False,60,17,2
False,60,18,2
False,60,19,2
False,60,20,2
False,60,1,3
False,60,2,3
False,60,3,3
False,60,4,3
False,40,5,3
False,40,6,3
False,40,7,3
False,40,8,3
False,60,9,3
False,60,10,3
False,60,11,3
False,40,12,3
False,60,13,3
False,40,14,3
False,40,15,3
False,40,16,3
False,60,17,3
False,40,18,3
False,60,19,3
False,40,20,3
False,60,1,4
False,60,2,4
False,60,3,4
False,60,4,4
False,60,5,4
False,60,6,4
False,60,7,4
False,40,8,4
False,60,9,4
False,60,10,4
False,60,11,4
False,60,12,4
False,60,13,4
False,60,14,4
False,60,15,4
False,60,16,4
False,60,17,4
False,60,18,4
False,60,19,4
False,40,20,4
False,60,1,5
False,60,2,5
False,40,3,5
False,60,4,5
False,60,5,5
False,60,6,5
False,60,7,5
False,60,8,5
False,60,9,5
False,60,10,5
False,60,11,5
False,60,12,5
False,60,13,5
False,60,14,5
False,60,15,5
False,60,16,5
False,60,17,5
False,60,18,5
False,60,19,5
False,60,20,5
False,60,1,6
False,40,2,6
False,60,3,6
False,60,4,6
False,60,5,6
False,60,6,6
False,40,7,6
False,60,8,6
False,40,9,6
False,60,10,6
False,40,11,6
False,60,12,6
False,60,13,6
False,60,14,6
False,60,15,6
False,40,16,6
False,60,17,6
False,60,18,6
False,60,19,6
False,60,20,6
False,60,1,7
False,60,2,7
False,60,3,7
False,60,4,7
False,60,5,7
False,40,6,7
False,40,7,7
False,60,8,7
False,60,9,7
False,40,10,7
False,60,11,7
False,40,12,7
False,60,13,7
False,60,14,7
False,60,15,7
False,60,16,7
False,40,17,7
False,60,18,7
False,60,19,7
False,60,20,7
False,60,1,8
False,40,2,8
False,60,3,8
False,60,4,8
False,40,5,8
False,60,6,8
False,60,7,8
False,60,8,8
False,60,9,8
False,40,10,8
False,60,11,8
False,60,12,8
False,60,13,8
False,60,14,8
False,60,15,8
False,40,16,8
False,60,17,8
False,60,18,8
False,40,19,8
False,60,20,8
False,60,1,9
False,60,2,9
False,60,3,9
False,60,4,9
False,40,5,9
False,40,6,9
False,40,7,9
False,60,8,9
False,60,9,9
False,60,10,9
False,40,11,9
False,60,12,9
False,60,13,9
False,60,14,9
False,40,15,9
False,60,16,9
False,60,17,9
False,60,18,9
False,40,19,9
False,60,20,9
False,60,1,10
False,60,2,10
False,60,3,10
False,60,4,10
False,60,5,10
False,40,6,10
False,60,7,10
False,60,8,10
False,60,9,10
False,60,10,10
False,60,11,10
False,60,12,10
False,60,13,10
False,60,14,10
False,60,15,10
False,60,16,10
False,60,17,10
False,40,18,10
False,60,19,10
False,60,20,10
False,60,1,11
False,60,2,11
False,40,3,11
False,60,4,11
False,40,5,11
False,60,6,11
False,60,7,11
False,60,8,11
False,60,9,11
False,60,10,11
False,60,11,11
False,60,12,11
False,40,13,11
False,60,14,11
False,60,15,11
False,60,16,11
False,60,17,11
False,60,18,11
False,60,19,11
False,60,20,11
False,60,1,12
False,60,2,12
False,60,3,12
False,60,4,12
False,60,5,12
False,60,6,12
False,60,7,12
False,60,8,12
False,60,9,12
False,60,10,12
False,60,11,12
False,60,12,12
False,60,13,12
False,60,14,12
False,60,15,12
False,60,16,12
False,60,17,12
False,60,18,12
False,60,19,12
False,60,20,12
False,60,1,13
False,60,2,13
False,60,3,13
False,60,4,13
False,60,5,13
False,60,6,13
False,60,7,13
False,60,8,13
False,60,9,13
False,60,10,13
False,60,11,13
False,40,12,13
False,60,13,13
False,60,14,13
False,60,15,13
False,60,16,13
False,60,17,13
False,60,18,13
False,60,19,13
False,60,20,13
False,40,1,14
False,60,2,14
False,60,3,14
False,60,4,14
False,40,5,14
False,60,6,14
False,60,7,14
False,40,8,14
False,60,9,14
False,60,10,14
False,60,11,14
False,64,12,14
False,40,13,14
False,60,14,14
False,60,15,14
False,60,16,14
False,60,17,14
False,40,18,14
False,40,19,14
False,40,20,14
False,60,1,15
False,60,2,15
False,60,3,15
False,60,4,15
False,60,5,15
False,60,6,15
False,60,7,15
False,40,8,15
False,60,9,15
False,60,10,15
False,60,11,15
False,40,12,15
False,60,13,15
False,60,14,15
False,60,15,15
False,40,16,15
False,60,17,15
False,60,18,15
False,60,19,15
False,60,20,15
False,60,1,16
False,60,2,16
False,60,3,16
False,60,4,16
False,60,5,16
False,60,6,16
False,60,7,16
False,60,8,16
False,60,9,16
False,60,10,16
False,60,11,16
False,60,12,16
False,60,13,16
False,60,14,16
False,60,15,16
False,60,16,16
False,60,17,16
False,60,18,16
False,60,19,16
False,60,20,16
False,60,1,17
False,60,2,17
False,60,3,17
False,60,4,17
False,60,5,17
False,60,6,17
False,60,7,17
False,60,8,17
False,60,9,17
False,60,10,17
False,60,11,17
False,40,12,17
False,60,13,17
False,60,14,17
False,60,15,17
False,60,16,17
False,60,17,17
False,60,18,17
False,60,19,17
False,60,20,17
False,60,1,18
False,60,2,18
False,60,3,18
False,60,4,18
False,60,5,18
False,60,6,18
False,60,7,18
False,60,8,18
False,60,9,18
False,60,10,18
False,60,11,18
False,60,12,18
False,60,13,18
False,60,14,18
False,60,15,18
False,60,16,18
False,60,17,18
False,60,18,18
False,60,19,18
False,60,20,18
False,60,1,19
False,60,2,19
False,60,3,19
False,60,4,19
False,60,5,19
False,60,6,19
False,60,7,19
False,60,8,19
False,40,9,19
False,61,10,19
False,60,11,19
False,60,12,19
False,60,13,19
False,60,14,19
False,60,15,19
False,60,16,19
False,60,17,19
False,60,18,19
False,60,19,19
False,60,20,19
False,60,1,20
False,60,2,20
False,60,3,20
False,60,4,20
False,60,5,20
False,73,6,20
False,60,7,20
False,60,8,20
False,60,9,20
False,60,10,20
False,60,11,20
False,60,12,20
False,60,13,20
False,60,14,20
False,60,15,20
False,60,16,20
False,60,17,20
False,60,18,20
False,60,19,20
False,60,20,20
False,60,1,21
False,60,2,21
False,60,3,21
False,60,4,21
False,60,5,21
False,60,6,21
False,60,7,21
False,40,8,21
False,60,9,21
False,60,10,21
False,60,11,21
False,40,12,21
False,60,13,21
False,60,14,21
False,60,15,21
False,40,16,21
False,60,17,21
False,60,18,21
False,40,19,21
False,60,20,21
False,60,1,22
True,-1,2,22
False,60,3,22
False,60,4,22
False,60,5,22
False,60,6,22
False,60,7,22
True,-1,8,22
False,60,9,22
False,60,10,22
False,60,11,22
False,60,12,22
False,60,13,22
False,60,14,22
True,-1,15,22
True,-1,16,22
False,60,17,22
True,-1,18,22
True,-1,19,22
False,60,20,22
False,60,1,23
False,60,2,23
False,60,3,23
False,60,4,23
False,60,5,23
False,40,6,23
False,60,7,23
False,64,8,23
False,40,9,23
False,60,10,23
False,60,11,23
False,60,12,23
False,60,13,23
False,60,14,23
False,60,15,23
False,60,16,23
False,60,17,23
False,60,18,23
False,60,19,23
False,60,20,23
False,60,1,24
False,40,2,24
False,60,3,24
False,60,4,24
True,-1,5,24
True,-1,6,24
False,60,7,24
False,60,8,24
False,40,9,24
False,60,10,24
False,60,11,24
False,40,12,24
False,60,13,24
False,60,14,24
True,-1,15,24
False,60,16,24
False,60,17,24
True,-1,18,24
False,60,19,24
False,60,20,24
False,40,1,25
False,60,2,25
False,60,3,25
False,60,4,25
False,60,5,25
False,60,6,25
False,60,7,25
False,60,8,25
True,-1,9,25
False,60,10,25
True,-1,11,25
False,60,12,25
False,60,13,25
False,60,14,25
False,60,15,25
False,60,16,25
False,60,17,25
False,60,18,25
False,60,19,25
False,60,20,25
False,60,1,26
False,60,2,26
False,60,3,26
False,60,4,26
False,40,5,26
False,60,6,26
False,60,7,26
False,60,8,26
False,60,9,26
False,60,10,26
False,60,11,26
False,60,12,26
False,60,13,26
False,60,14,26
False,60,15,26
False,60,16,26
False,60,17,26
False,60,18,26
False,60,19,26
False,60,20,26
False,60,1,27
False,60,2,27
False,60,3,27
False,60,4,27
False,60,5,27
False,60,6,27
False,60,7,27
False,60,8,27
False,60,9,27
False,60,10,27
False,60,11,27
False,60,12,27
False,60,13,27
False,60,14,27
False,60,15,27
False,60,16,27
False,60,17,27
False,60,18,27
False,60,19,27
False,60,20,27
False,60,1,28
False,60,2,28
False,60,3,28
False,60,4,28
False,60,5,28
False,60,6,28
False,60,7,28
False,60,8,28
False,60,9,28
True,-1,10,28
True,-1,11,28
False,60,12,28
True,-1,13,28
True,-1,14,28
False,60,15,28
False,60,16,28
False,60,17,28
True,-1,18,28
True,-1,19,28
False,60,20,28
False,60,1,29
False,60,2,29
False,60,3,29
False,60,4,29
True,-1,5,29
False,60,6,29
False,60,7,29
True,-1,8,29
False,60,9,29
False,60,10,29
False,60,11,29
False,60,12,29
False,60,13,29
False,60,14,29
False,60,15,29
False,60,16,29
False,60,17,29
False,60,18,29
False,60,19,29
False,60,20,29
True,-1,1,30
False,40,2,30
False,60,3,30
True,-1,4,30
True,-1,5,30
True,-1,6,30
True,-1,7,30
True,-1,8,30
True,-1,9,30
True,-1,10,30
True,-1,11,30
True,-1,12,30
True,-1,13,30
True,-1,14,30
True,-1,15,30
True,-1,16,30
True,-1,17,30
True,-1,18,30
True,-1,19,30
True,-1,20,30
True,-1,1,31
True,-1,2,31
True,-1,3,31
True,-1,4,31
False,60,5,31
True,-1,6,31
True,-1,7,31
True,-1,8,31
False,60,9,31
False,60,10,31
True,-1,11,31
False,60,12,31
False,60,13,31
True,-1,14,31
False,60,15,31
True,-1,16,31
True,-1,17,31
False,60,18,31
True,-1,19,31
False,60,20,31
True,-1,1,32
True,-1,2,32
True,-1,3,32
True,-1,4,32
True,-1,5,32
True,-1,6,32
True,-1,7,32
False,60,8,32
True,-1,9,32
True,-1,10,32
False,60,11,32
False,60,12,32
True,-1,13,32
True,-1,14,32
False,60,15,32
False,60,16,32
True,-1,17,32
True,-1,18,32
True,-1,19,32
True,-1,20,32
False,40,1,33
False,60,2,33
False,60,3,33
False,60,4,33
False,60,5,33
False,60,6,33
False,60,7,33
False,60,8,33
False,60,9,33
True,-1,10,33
True,-1,11,33
False,60,12,33
False,60,13,33
True,-1,14,33
True,-1,15,33
False,60,16,33
True,-1,17,33
False,60,18,33
True,-1,19,33
False,60,20,33
True,-1,1,34
True,-1,2,34
True,-1,3,34
True,-1,4,34
False,60,5,34
True,-1,6,34
False,60,7,34
True,-1,8,34
False,60,9,34
True,-1,10,34
False,60,11,34
True,-1,12,34
True,-1,13,34
True,-1,14,34
True,-1,15,34
True,-1,16,34
True,-1,17,34
True,-1,18,34
True,-1,19,34
True,-1,20,34
True,-1,1,35
True,-1,2,35
True,-1,3,35
False,60,4,35
False,60,5,35
False,60,6,35
False,60,7,35
True,-1,8,35
True,-1,9,35
True,-1,10,35
False,60,11,35
False,60,12,35
False,60,13,35
False,60,14,35
False,60,15,35
True,-1,16,35
False,60,17,35
False,60,18,35
False,60,19,35
True,-1,20,35
True,-1,1,36
True,-1,2,36
True,-1,3,36
True,-1,4,36
True,-1,5,36
True,-1,6,36
True,-1,7,36
True,-1,8,36
True,-1,9,36
True,-1,10,36
True,-1,11,36
True,-1,12,36
True,-1,13,36
True,-1,14,36
True,-1,15,36
True,-1,16,36
True,-1,17,36
True,-1,18,36
True,-1,19,36
False,60,20,36
True,-1,1,37
True,-1,2,37
True,-1,3,37
True,-1,4,37
True,-1,5,37
True,-1,6,37
True,-1,7,37
True,-1,8,37
True,-1,9,37
True,-1,10,37
True,-1,11,37
True,-1,12,37
True,-1,13,37
True,-1,14,37
True,-1,15,37
True,-1,16,37
False,40,17,37
True,-1,18,37
True,-1,19,37
True,-1,20,37
True,-1,1,38
True,-1,2,38
True,-1,3,38
True,-1,4,38
True,-1,5,38
True,-1,6,38
True,-1,7,38
True,-1,8,38
True,-1,9,38
True,-1,10,38
True,-1,11,38
True,-1,12,38
True,-1,13,38
True,-1,14,38
True,-1,15,38
True,-1,16,38
True,-1,17,38
False,60,18,38
True,-1,19,38
True,-1,20,38
True,-1,1,39
True,-1,2,39
True,-1,3,39
True,-1,4,39
True,-1,5,39
True,-1,6,39
True,-1,7,39
True,-1,8,39
True,-1,9,39
True,-1,10,39
True,-1,11,39
True,-1,12,39
True,-1,13,39
True,-1,14,39
True,-1,15,39
True,-1,16,39
True,-1,17,39
True,-1,18,39
True,-1,19,39
True,-1,20,39
True,-1,1,40
True,-1,2,40
True,-1,3,40
False,60,4,40
True,-1,5,40
False,60,6,40
False,60,7,40
True,-1,8,40
False,60,9,40
True,-1,10,40
True,-1,11,40
True,-1,12,40
True,-1,13,40
False,60,14,40
True,-1,15,40
True,-1,16,40
True,-1,17,40
True,-1,18,40
True,-1,19,40
True,-1,20,40
True,-1,1,41
True,-1,2,41
True,-1,3,41
True,-1,4,41
True,-1,5,41
True,-1,6,41
True,-1,7,41
True,-1,8,41
True,-1,9,41
True,-1,10,41
True,-1,11,41
True,-1,12,41
True,-1,13,41
True,-1,14,41
True,-1,15,41
True,-1,16,41
True,-1,17,41
True,-1,18,41
True,-1,19,41
True,-1,20,41
True,-1,1,42
True,-1,2,42
True,-1,3,42
True,-1,4,42
True,-1,5,42
True,-1,6,42
True,-1,7,42
True,-1,8,42
True,-1,9,42
True,-1,10,42
True,-1,11,42
True,-1,12,42
True,-1,13,42
True,-1,14,42
True,-1,15,42
True,-1,16,42
True,-1,17,42
True,-1,18,42
True,-1,19,42
True,-1,20,42
True,-1,1,43
True,-1,2,43
True,-1,3,43
True,-1,4,43
True,-1,5,43
True,-1,6,43
True,-1,7,43
True,-1,8,43
True,-1,9,43
True,-1,10,43
True,-1,11,43
True,-1,12,43
True,-1,13,43
True,-1,14,43
True,-1,15,43
False,60,16,43
True,-1,17,43
True,-1,18,43
True,-1,19,43
True,-1,20,43
True,-1,1,44
True,-1,2,44
True,-1,3,44
True,-1,4,44
True,-1,5,44
True,-1,6,44
True,-1,7,44
True,-1,8,44
True,-1,9,44
True,-1,10,44
True,-1,11,44
True,-1,12,44
True,-1,13,44
True,-1,14,44
True,-1,15,44
True,-1,16,44
True,-1,17,44
True,-1,18,44
True,-1,19,44
True,-1,20,44
True,-1,1,45
True,-1,2,45
True,-1,3,45
True,-1,4,45
True,-1,5,45
True,-1,6,45
True,-1,7,45
True,-1,8,45
True,-1,9,45
True,-1,10,45
True,-1,11,45
True,-1,12,45
True,-1,13,45
True,-1,14,45
True,-1,15,45
True,-1,16,45
True,-1,17,45
True,-1,18,45
True,-1,19,45
True,-1,20,45
True,-1,1,46
True,-1,2,46
True,-1,3,46
True,-1,4,46
True,-1,5,46
True,-1,6,46
True,-1,7,46
True,-1,8,46
True,-1,9,46
True,-1,10,46
True,-1,11,46
True,-1,12,46
True,-1,13,46
True,-1,14,46
True,-1,15,46
True,-1,16,46
True,-1,17,46
True,-1,18,46
True,-1,19,46
True,-1,20,46
True,-1,1,47
True,-1,2,47
True,-1,3,47
True,-1,4,47
True,-1,5,47
True,-1,6,47
True,-1,7,47
True,-1,8,47
True,-1,9,47
True,-1,10,47
True,-1,11,47
True,-1,12,47
True,-1,13,47
True,-1,14,47
True,-1,15,47
True,-1,16,47
True,-1,17,47
True,-1,18,47
True,-1,19,47
True,-1,20,47
True,-1,1,48
True,-1,2,48
True,-1,3,48
True,-1,4,48
True,-1,5,48
True,-1,6,48
True,-1,7,48
True,-1,8,48
True,-1,9,48
True,-1,10,48
True,-1,11,48
True,-1,12,48
True,-1,13,48
True,-1,14,48
True,-1,15,48
True,-1,16,48
True,-1,17,48
True,-1,18,48
True,-1,19,48
True,-1,20,48
True,-1,1,49
True,-1,2,49
True,-1,3,49
True,-1,4,49
True,-1,5,49
True,-1,6,49
True,-1,7,49
True,-1,8,49
True,-1,9,49
True,-1,10,49
True,-1,11,49
True,-1,12,49
True,-1,13,49
True,-1,14,49
True,-1,15,49
True,-1,16,49
True,-1,17,49
True,-1,18,49
True,-1,19,49
True,-1,20,49
True,-1,1,50
True,-1,2,50
True,-1,3,50
True,-1,4,50
True,-1,5,50
True,-1,6,50
True,-1,7,50
True,-1,8,50
True,-1,9,50
True,-1,10,50
True,-1,11,50
True,-1,12,50
True,-1,13,50
True,-1,14,50
True,-1,15,50
True,-1,16,50
True,-1,17,50
True,-1,18,50
True,-1,19,50
True,-1,20,50
True,-1,1,51
True,-1,2,51
True,-1,3,51
True,-1,4,51
True,-1,5,51
True,-1,6,51
True,-1,7,51
True,-1,8,51
True,-1,9,51
True,-1,10,51
True,-1,11,51
True,-1,12,51
True,-1,13,51
True,-1,14,51
True,-1,15,51
True,-1,16,51
True,-1,17,51
True,-1,18,51
True,-1,19,51
True,-1,20,51
True,-1,1,52
True,-1,2,52
True,-1,3,52
True,-1,4,52
True,-1,5,52
True,-1,6,52
True,-1,7,52
True,-1,8,52
True,-1,9,52
True,-1,10,52
True,-1,11,52
True,-1,12,52
True,-1,13,52
True,-1,14,52
True,-1,15,52
True,-1,16,52
True,-1,17,52
True,-1,18,52
True,-1,19,52
True,-1,20,52
True,-1,1,53
True,-1,2,53
True,-1,3,53
True,-1,4,53
True,-1,5,53
True,-1,6,53
True,-1,7,53
True,-1,8,53
True,-1,9,53
True,-1,10,53
True,-1,11,53
True,-1,12,53
True,-1,13,53
True,-1,14,53
True,-1,15,53
True,-1,16,53
True,-1,17,53
True,-1,18,53
True,-1,19,53
True,-1,20,53
True,-1,1,54
True,-1,2,54
True,-1,3,54
True,-1,4,54
True,-1,5,54
True,-1,6,54
True,-1,7,54
True,-1,8,54
True,-1,9,54
True,-1,10,54
True,-1,11,54
True,-1,12,54
True,-1,13,54
True,-1,14,54
True,-1,15,54
True,-1,16,54
True,-1,17,54
True,-1,18,54
True,-1,19,54
True,-1,20,54
True,-1,1,55
True,-1,2,55
True,-1,3,55
True,-1,4,55
True,-1,5,55
True,-1,6,55
True,-1,7,55
True,-1,8,55
True,-1,9,55
True,-1,10,55
True,-1,11,55
True,-1,12,55
True,-1,13,55
True,-1,14,55
True,-1,15,55
True,-1,16,55
True,-1,17,55
True,-1,18,55
True,-1,19,55
True,-1,20,55
True,-1,1,56
True,-1,2,56
True,-1,3,56
True,-1,4,56
True,-1,5,56
True,-1,6,56
True,-1,7,56
True,-1,8,56
True,-1,9,56
True,-1,10,56
True,-1,11,56
True,-1,12,56
True,-1,13,56
True,-1,14,56
True,-1,15,56
True,-1,16,56
True,-1,17,56
True,-1,18,56
True,-1,19,56
True,-1,20,56
True,-1,1,57
True,-1,2,57
True,-1,3,57
True,-1,4,57
True,-1,5,57
True,-1,6,57
True,-1,7,57
True,-1,8,57
True,-1,9,57
True,-1,10,57
True,-1,11,57
True,-1,12,57
True,-1,13,57
True,-1,14,57
True,-1,15,57
True,-1,16,57
True,-1,17,57
True,-1,18,57
True,-1,19,57
True,-1,20,57
True,-1,1,58
True,-1,2,58
True,-1,3,58
True,-1,4,58
True,-1,5,58
True,-1,6,58
True,-1,7,58
True,-1,8,58
True,-1,9,58
True,-1,10,58
True,-1,11,58
True,-1,12,58
True,-1,13,58
True,-1,14,58
True,-1,15,58
True,-1,16,58
True,-1,17,58
True,-1,18,58
True,-1,19,58
True,-1,20,58
True,-1,1,59
True,-1,2,59
True,-1,3,59
True,-1,4,59
True,-1,5,59
True,-1,6,59
True,-1,7,59
True,-1,8,59
True,-1,9,59
True,-1,10,59
True,-1,11,59
True,-1,12,59
True,-1,13,59
True,-1,14,59
True,-1,15,59
True,-1,16,59
True,-1,17,59
True,-1,18,59
True,-1,19,59
True,-1,20,59
True,-1,1,60
True,-1,2,60
True,-1,3,60
True,-1,4,60
True,-1,5,60
True,-1,6,60
True,-1,7,60
True,-1,8,60
True,-1,9,60
True,-1,10,60
True,-1,11,60
True,-1,12,60
True,-1,13,60
True,-1,14,60
True,-1,15,60
True,-1,16,60
True,-1,17,60
True,-1,18,60
True,-1,19,60
True,-1,20,60
True,-1,1,61
True,-1,2,61
True,-1,3,61
True,-1,4,61
True,-1,5,61
True,-1,6,61
True,-1,7,61
True,-1,8,61
True,-1,9,61
True,-1,10,61
True,-1,11,61
True,-1,12,61
True,-1,13,61
True,-1,14,61
True,-1,15,61
True,-1,16,61
True,-1,17,61
True,-1,18,61
True,-1,19,61
True,-1,20,61
True,-1,1,62
True,-1,2,62
True,-1,3,62
True,-1,4,62
True,-1,5,62
True,-1,6,62
True,-1,7,62
True,-1,8,62
True,-1,9,62
True,-1,10,62
True,-1,11,62
True,-1,12,62
True,-1,13,62
True,-1,14,62
True,-1,15,62
True,-1,16,62
True,-1,17,62
True,-1,18,62
True,-1,19,62
True,-1,20,62
True,-1,1,63
True,-1,2,63
True,-1,3,63
True,-1,4,63
True,-1,5,63
True,-1,6,63
True,-1,7,63
True,-1,8,63
True,-1,9,63
True,-1,10,63
True,-1,11,63
True,-1,12,63
True,-1,13,63
True,-1,14,63
True,-1,15,63
True,-1,16,63
True,-1,17,63
True,-1,18,63
True,-1,19,63
True,-1,20,63
True,-1,1,64
True,-1,2,64
True,-1,3,64
True,-1,4,64
True,-1,5,64
True,-1,6,64
True,-1,7,64
True,-1,8,64
True,-1,9,64
True,-1,10,64
True,-1,11,64
True,-1,12,64
True,-1,13,64
True,-1,14,64
True,-1,15,64
True,-1,16,64
True,-1,17,64
True,-1,18,64
True,-1,19,64
True,-1,20,64
True,-1,1,65
True,-1,2,65
True,-1,3,65
True,-1,4,65
True,-1,5,65
True,-1,6,65
True,-1,7,65
True,-1,8,65
True,-1,9,65
True,-1,10,65
True,-1,11,65
True,-1,12,65
True,-1,13,65
True,-1,14,65
True,-1,15,65
True,-1,16,65
True,-1,17,65
True,-1,18,65
True,-1,19,65
True,-1,20,65
True,-1,1,66
True,-1,2,66
True,-1,3,66
True,-1,4,66
True,-1,5,66
True,-1,6,66
True,-1,7,66
True,-1,8,66
True,-1,9,66
True,-1,10,66
True,-1,11,66
True,-1,12,66
True,-1,13,66
True,-1,14,66
True,-1,15,66
True,-1,16,66
True,-1,17,66
True,-1,18,66
True,-1,19,66
True,-1,20,66
True,-1,1,67
True,-1,2,67
True,-1,3,67
True,-1,4,67
True,-1,5,67
True,-1,6,67
True,-1,7,67
True,-1,8,67
True,-1,9,67
True,-1,10,67
True,-1,11,67
True,-1,12,67
True,-1,13,67
True,-1,14,67
True,-1,15,67
True,-1,16,67
True,-1,17,67
True,-1,18,67
True,-1,19,67
True,-1,20,67
True,-1,1,68
True,-1,2,68
True,-1,3,68
True,-1,4,68
True,-1,5,68
True,-1,6,68
True,-1,7,68
True,-1,8,68
True,-1,9,68
True,-1,10,68
True,-1,11,68
True,-1,12,68
True,-1,13,68
True,-1,14,68
True,-1,15,68
True,-1,16,68
True,-1,17,68
True,-1,18,68
True,-1,19,68
True,-1,20,68
True,-1,1,69
True,-1,2,69
True,-1,3,69
True,-1,4,69
True,-1,5,69
True,-1,6,69
True,-1,7,69
True,-1,8,69
True,-1,9,69
True,-1,10,69
True,-1,11,69
True,-1,12,69
True,-1,13,69
True,-1,14,69
True,-1,15,69
True,-1,16,69
True,-1,17,69
True,-1,18,69
True,-1,19,69
True,-1,20,69
True,-1,1,70
True,-1,2,70
True,-1,3,70
True,-1,4,70
True,-1,5,70
True,-1,6,70
True,-1,7,70
True,-1,8,70
True,-1,9,70
True,-1,10,70
True,-1,11,70
True,-1,12,70
True,-1,13,70
True,-1,14,70
True,-1,15,70
True,-1,16,70
True,-1,17,70
True,-1,18,70
True,-1,19,70
True,-1,20,70
True,-1,1,71
True,-1,2,71
True,-1,3,71
True,-1,4,71
True,-1,5,71
True,-1,6,71
True,-1,7,71
True,-1,8,71
True,-1,9,71
True,-1,10,71
True,-1,11,71
True,-1,12,71
True,-1,13,71
True,-1,14,71
True,-1,15,71
True,-1,16,71
True,-1,17,71
True,-1,18,71
True,-1,19,71
True,-1,20,71
True,-1,1,72
True,-1,2,72
True,-1,3,72
True,-1,4,72
True,-1,5,72
True,-1,6,72
True,-1,7,72
True,-1,8,72
True,-1,9,72
True,-1,10,72
True,-1,11,72
True,-1,12,72
True,-1,13,72
True,-1,14,72
True,-1,15,72
True,-1,16,72
True,-1,17,72
True,-1,18,72
True,-1,19,72
True,-1,20,72
True,-1,1,73
True,-1,2,73
True,-1,3,73
True,-1,4,73
True,-1,5,73
True,-1,6,73
True,-1,7,73
True,-1,8,73
True,-1,9,73
True,-1,10,73
True,-1,11,73
True,-1,12,73
True,-1,13,73
True,-1,14,73
True,-1,15,73
True,-1,16,73
True,-1,17,73
True,-1,18,73
True,-1,19,73
True,-1,20,73
True,-1,1,74
True,-1,2,74
True,-1,3,74
True,-1,4,74
True,-1,5,74
True,-1,6,74
True,-1,7,74
True,-1,8,74
True,-1,9,74
True,-1,10,74
True,-1,11,74
True,-1,12,74
True,-1,13,74
True,-1,14,74
True,-1,15,74
True,-1,16,74
True,-1,17,74
True,-1,18,74
True,-1,19,74
True,-1,20,74
True,-1,1,75
True,-1,2,75
True,-1,3,75
True,-1,4,75
True,-1,5,75
True,-1,6,75
True,-1,7,75
True,-1,8,75
True,-1,9,75
True,-1,10,75
True,-1,11,75
True,-1,12,75
True,-1,13,75
True,-1,14,75
True,-1,15,75
True,-1,16,75
True,-1,17,75
True,-1,18,75
True,-1,19,75
True,-1,20,75
True,-1,1,76
True,-1,2,76
True,-1,3,76
True,-1,4,76
True,-1,5,76
True,-1,6,76
True,-1,7,76
True,-1,8,76
True,-1,9,76
True,-1,10,76
True,-1,11,76
True,-1,12,76
True,-1,13,76
True,-1,14,76
True,-1,15,76
True,-1,16,76
True,-1,17,76
True,-1,18,76
True,-1,19,76
True,-1,20,76
True,-1,1,77
True,-1,2,77
True,-1,3,77
True,-1,4,77
True,-1,5,77
True,-1,6,77
True,-1,7,77
True,-1,8,77
True,-1,9,77
True,-1,10,77
True,-1,11,77
True,-1,12,77
True,-1,13,77
True,-1,14,77
True,-1,15,77
True,-1,16,77
True,-1,17,77
True,-1,18,77
True,-1,19,77
True,-1,20,77
True,-1,1,78
True,-1,2,78
True,-1,3,78
True,-1,4,78
True,-1,5,78
True,-1,6,78
True,-1,7,78
True,-1,8,78
True,-1,9,78
True,-1,10,78
True,-1,11,78
True,-1,12,78
True,-1,13,78
True,-1,14,78
True,-1,15,78
True,-1,16,78
True,-1,17,78
True,-1,18,78
True,-1,19,78
True,-1,20,78
True,-1,1,79
True,-1,2,79
True,-1,3,79
True,-1,4,79
True,-1,5,79
True,-1,6,79
True,-1,7,79
True,-1,8,79
True,-1,9,79
True,-1,10,79
True,-1,11,79
True,-1,12,79
True,-1,13,79
True,-1,14,79
True,-1,15,79
True,-1,16,79
True,-1,17,79
True,-1,18,79
True,-1,19,79
True,-1,20,79
True,-1,1,80
True,-1,2,80
True,-1,3,80
True,-1,4,80
True,-1,5,80
True,-1,6,80
True,-1,7,80
True,-1,8,80
True,-1,9,80
True,-1,10,80
True,-1,11,80
True,-1,12,80
True,-1,13,80
True,-1,14,80
True,-1,15,80
True,-1,16,80
True,-1,17,80
True,-1,18,80
True,-1,19,80
True,-1,20,80
True,-1,1,81
True,-1,2,81
True,-1,3,81
True,-1,4,81
True,-1,5,81
True,-1,6,81
True,-1,7,81
True,-1,8,81
True,-1,9,81
True,-1,10,81
True,-1,11,81
True,-1,12,81
True,-1,13,81
True,-1,14,81
True,-1,15,81
True,-1,16,81
True,-1,17,81
True,-1,18,81
True,-1,19,81
True,-1,20,81
True,-1,1,82
True,-1,2,82
True,-1,3,82
True,-1,4,82
True,-1,5,82
True,-1,6,82
True,-1,7,82
True,-1,8,82
True,-1,9,82
True,-1,10,82
True,-1,11,82
True,-1,12,82
True,-1,13,82
True,-1,14,82
True,-1,15,82
True,-1,16,82
True,-1,17,82
True,-1,18,82
True,-1,19,82
True,-1,20,82
True,-1,1,83
True,-1,2,83
True,-1,3,83
True,-1,4,83
True,-1,5,83
True,-1,6,83
True,-1,7,83
True,-1,8,83
True,-1,9,83
True,-1,10,83
True,-1,11,83
True,-1,12,83
True,-1,13,83
True,-1,14,83
True,-1,15,83
True,-1,16,83
True,-1,17,83
True,-1,18,83
True,-1,19,83
True,-1,20,83
True,-1,1,84
True,-1,2,84
True,-1,3,84
True,-1,4,84
True,-1,5,84
True,-1,6,84
True,-1,7,84
True,-1,8,84
True,-1,9,84
True,-1,10,84
True,-1,11,84
True,-1,12,84
True,-1,13,84
True,-1,14,84
True,-1,15,84
True,-1,16,84
True,-1,17,84
True,-1,18,84
True,-1,19,84
True,-1,20,84
True,-1,1,85
True,-1,2,85
True,-1,3,85
True,-1,4,85
True,-1,5,85
True,-1,6,85
True,-1,7,85
True,-1,8,85
True,-1,9,85
True,-1,10,85
True,-1,11,85
True,-1,12,85
True,-1,13,85
True,-1,14,85
True,-1,15,85
True,-1,16,85
True,-1,17,85
True,-1,18,85
True,-1,19,85
True,-1,20,85
True,-1,1,86
True,-1,2,86
True,-1,3,86
True,-1,4,86
True,-1,5,86
True,-1,6,86
True,-1,7,86
True,-1,8,86
True,-1,9,86
True,-1,10,86
True,-1,11,86
True,-1,12,86
True,-1,13,86
True,-1,14,86
True,-1,15,86
True,-1,16,86
True,-1,17,86
True,-1,18,86
True,-1,19,86
True,-1,20,86
True,-1,1,87
True,-1,2,87
True,-1,3,87
True,-1,4,87
True,-1,5,87
True,-1,6,87
True,-1,7,87
True,-1,8,87
True,-1,9,87
True,-1,10,87
True,-1,11,87
True,-1,12,87
True,-1,13,87
True,-1,14,87
True,-1,15,87
True,-1,16,87
True,-1,17,87
True,-1,18,87
True,-1,19,87
True,-1,20,87
True,-1,1,88
True,-1,2,88
True,-1,3,88
True,-1,4,88
True,-1,5,88
True,-1,6,88
True,-1,7,88
True,-1,8,88
True,-1,9,88
True,-1,10,88
True,-1,11,88
True,-1,12,88
True,-1,13,88
True,-1,14,88
True,-1,15,88
True,-1,16,88
True,-1,17,88
True,-1,18,88
True,-1,19,88
True,-1,20,88
True,-1,1,89
True,-1,2,89
True,-1,3,89
True,-1,4,89
True,-1,5,89
True,-1,6,89
True,-1,7,89
True,-1,8,89
True,-1,9,89
True,-1,10,89
True,-1,11,89
True,-1,12,89
True,-1,13,89
True,-1,14,89
True,-1,15,89
True,-1,16,89
True,-1,17,89
True,-1,18,89
True,-1,19,89
True,-1,20,89
True,-1,1,90
True,-1,2,90
True,-1,3,90
True,-1,4,90
True,-1,5,90
True,-1,6,90
True,-1,7,90
True,-1,8,90
True,-1,9,90
True,-1,10,90
True,-1,11,90
True,-1,12,90
True,-1,13,90
True,-1,14,90
True,-1,15,90
True,-1,16,90
True,-1,17,90
True,-1,18,90
True,-1,19,90
True,-1,20,90
True,-1,1,91
True,-1,2,91
True,-1,3,91
True,-1,4,91
True,-1,5,91
True,-1,6,91
True,-1,7,91
True,-1,8,91
True,-1,9,91
True,-1,10,91
True,-1,11,91
True,-1,12,91
True,-1,13,91
True,-1,14,91
True,-1,15,91
True,-1,16,91
True,-1,17,91
True,-1,18,91
True,-1,19,91
True,-1,20,91
True,-1,1,92
True,-1,2,92
True,-1,3,92
True,-1,4,92
True,-1,5,92
True,-1,6,92
True,-1,7,92
True,-1,8,92
True,-1,9,92
True,-1,10,92
True,-1,11,92
True,-1,12,92
True,-1,13,92
True,-1,14,92
True,-1,15,92
True,-1,16,92
True,-1,17,92
True,-1,18,92
True,-1,19,92
True,-1,20,92
True,-1,1,93
True,-1,2,93
True,-1,3,93
True,-1,4,93
True,-1,5,93
True,-1,6,93
True,-1,7,93
True,-1,8,93
True,-1,9,93
True,-1,10,93
True,-1,11,93
True,-1,12,93
True,-1,13,93
True,-1,14,93
True,-1,15,93
True,-1,16,93
True,-1,17,93
True,-1,18,93
True,-1,19,93
True,-1,20,93
True,-1,1,94
True,-1,2,94
True,-1,3,94
True,-1,4,94
True,-1,5,94
True,-1,6,94
True,-1,7,94
True,-1,8,94
True,-1,9,94
True,-1,10,94
True,-1,11,94
True,-1,12,94
True,-1,13,94
True,-1,14,94
True,-1,15,94
True,-1,16,94
True,-1,17,94
True,-1,18,94
True,-1,19,94
True,-1,20,94
True,-1,1,95
True,-1,2,95
True,-1,3,95
True,-1,4,95
True,-1,5,95
True,-1,6,95
True,-1,7,95
True,-1,8,95
True,-1,9,95
True,-1,10,95
True,-1,11,95
True,-1,12,95
True,-1,13,95
True,-1,14,95
True,-1,15,95
True,-1,16,95
True,-1,17,95
True,-1,18,95
True,-1,19,95
True,-1,20,95
True,-1,1,96
True,-1,2,96
True,-1,3,96
True,-1,4,96
True,-1,5,96
True,-1,6,96
True,-1,7,96
True,-1,8,96
True,-1,9,96
True,-1,10,96
True,-1,11,96
True,-1,12,96
True,-1,13,96
True,-1,14,96
True,-1,15,96
True,-1,16,96
True,-1,17,96
True,-1,18,96
True,-1,19,96
True,-1,20,96
True,-1,1,97
True,-1,2,97
True,-1,3,97
True,-1,4,97
True,-1,5,97
True,-1,6,97
True,-1,7,97
True,-1,8,97
True,-1,9,97
True,-1,10,97
True,-1,11,97
True,-1,12,97
True,-1,13,97
True,-1,14,97
True,-1,15,97
True,-1,16,97
True,-1,17,97
True,-1,18,97
True,-1,19,97
True,-1,20,97
True,-1,1,98
True,-1,2,98
True,-1,3,98
True,-1,4,98
True,-1,5,98
True,-1,6,98
True,-1,7,98
True,-1,8,98
True,-1,9,98
True,-1,10,98
True,-1,11,98
True,-1,12,98
True,-1,13,98
True,-1,14,98
True,-1,15,98
True,-1,16,98
True,-1,17,98
True,-1,18,98
True,-1,19,98
True,-1,20,98
True,-1,1,99
True,-1,2,99
True,-1,3,99
True,-1,4,99
True,-1,5,99
True,-1,6,99
True,-1,7,99
True,-1,8,99
True,-1,9,99
True,-1,10,99
True,-1,11,99
True,-1,12,99
True,-1,13,99
True,-1,14,99
True,-1,15,99
True,-1,16,99
True,-1,17,99
True,-1,18,99
True,-1,19,99
True,-1,20,99
True,-1,1,100
True,-1,2,100
True,-1,3,100
True,-1,4,100
True,-1,5,100
True,-1,6,100
True,-1,7,100
True,-1,8,100
True,-1,9,100
True,-1,10,100
True,-1,11,100
True,-1,12,100
True,-1,13,100
True,-1,14,100
True,-1,15,100
True,-1,16,100
True,-1,17,100
True,-1,18,100
True,-1,19,100
True,-1,20,100
